{
	"ambient": {
		"x": 0.10000000149011612,
		"y": 0.10000000149011612,
		"z": 0.10000000149011612
	},
	"default_material": "null",
	"lights": [
		{
			"color": {
				"x": 1.0,
				"y": 1.0,
				"z": 1.0
			},
			"position": {
				"x": 4.0,
				"y": 8.0,
				"z": 9.0
			},
			"range": 50.0
		},
		{
			"color": {
				"x": 1.0,
				"y": 1.0,
				"z": 1.0
			},
			"position": {
				"x": -1.0,
				"y": -1.0,
				"z": 1.0
			},
			"range": 20.0
		},
		{
			"color": {
				"x": 1.0,
				"y": 1.0,
				"z": 1.0
			},
			"position": {
				"x": 10.0,
				"y": 9.0,
				"z": 9.0
			},
			"range": 35.0
		}
	],
	"main_camera": "cc2ed006-3d19-1b4e-97ee-09edeab4312e",
	"objects": [
		{
			"children": [],
			"components": {
				"Gameplay::Camera": {
					"clear_color": {
						"w": -431602080.0,
						"x": -431602080.0,
						"y": -431602080.0,
						"z": -431602080.0
					},
					"enabled": true,
					"far_plane": 1000.0,
					"fov_radians": 1.5707963705062866,
					"guid": "cc2ed006-3d19-1b4e-97ee-09edeab4312e",
					"near_plane": 0.10000000149011612,
					"ortho_enabled": false,
					"ortho_size": 10.0
				},
				"SimpleCameraControl": {
					"enabled": true,
					"guid": "4d46c0e1-abb8-2241-9dc3-8993eda9cff8",
					"mouse_sensitivity": {
						"x": 0.5,
						"y": 0.30000001192092896
					},
					"move_speed": {
						"x": 1.0,
						"y": 1.0,
						"z": 1.0
					},
					"shift_mult": 2.0
				}
			},
			"guid": "e1bc9ef4-3632-8041-a0c4-09c3e444911e",
			"hide_in_inspector": false,
			"name": "Main Camera",
			"parent": "null",
			"position": {
				"x": 3.299999952316284,
				"y": -5.0,
				"z": 2.5
			},
			"rotation": {
				"w": 0.7818941473960876,
				"x": 0.5999684929847717,
				"y": -0.10309344530105591,
				"z": -0.13435399532318115
			},
			"scale": {
				"x": 1.0,
				"y": 1.0,
				"z": 1.0
			}
		},
		{
			"children": [
				{
					"children": [],
					"components": {
						"Gameplay::Physics::TriggerVolume": {
							"colliders": [
								{
									"extents": {
										"x": 1.0,
										"y": 1.0,
										"z": 1.0
									},
									"guid": "e099cf5e-1635-934f-8b10-ae6207fe5210",
									"position": {
										"x": 0.0,
										"y": 0.0,
										"z": 0.0
									},
									"rotation": {
										"x": 0.0,
										"y": 0.0,
										"z": 0.0
									},
									"scale": {
										"x": 1.0,
										"y": 1.0,
										"z": 1.0
									},
									"type": "Box"
								}
							],
							"enabled": true,
							"group": 1,
							"guid": "eb81a9ce-20eb-1d4d-85d0-611a5dcb35c0",
							"mask": -1
						},
						"Movement": {
							"enabled": true,
							"guid": "a54a6e04-a213-7341-bbe2-b748ee0e9786",
							"test": {
								"x": -431602080.0,
								"y": -431602080.0,
								"z": -431602080.0
							}
						},
						"RenderComponent": {
							"enabled": true,
							"guid": "053e61d1-ad9a-8f46-8193-17368b944112",
							"material": "5f98105a-8691-1d48-a089-f9b361ca4f25",
							"mesh": "c1cf8b0f-399f-0446-82e2-ccf473d6a7f3"
						},
						"TriggerVolumeEnterBehaviour": {
							"enabled": true,
							"guid": "7095efd3-eed5-9a4d-96d1-51311d9e0a10"
						}
					},
					"guid": "d5a190cf-0456-0e41-8d2c-c45ea5931569",
					"hide_in_inspector": false,
					"name": "Fridge",
					"parent": "9c347e8b-16ac-4f41-b927-892210b157e5",
					"position": {
						"x": 3.0999999046325684,
						"y": -0.6000000238418579,
						"z": 0.4000000059604645
					},
					"rotation": {
						"w": 0.7295721769332886,
						"x": 0.6803370714187622,
						"y": 0.04757380113005638,
						"z": 0.05101665109395981
					},
					"scale": {
						"x": 1.0,
						"y": 1.0,
						"z": 1.0
					}
				},
				{
					"children": [],
					"components": {
						"Gameplay::Physics::TriggerVolume": {
							"colliders": [
								{
									"extents": {
										"x": 1.0,
										"y": 1.0,
										"z": 1.0
									},
									"guid": "0779a2a6-648e-ff41-96a7-18b66c5ef679",
									"position": {
										"x": 0.0,
										"y": 0.0,
										"z": 0.0
									},
									"rotation": {
										"x": 0.0,
										"y": 0.0,
										"z": 0.0
									},
									"scale": {
										"x": 1.0,
										"y": 1.0,
										"z": 1.0
									},
									"type": "Box"
								}
							],
							"enabled": true,
							"group": 1,
							"guid": "d19d04e7-1440-604e-b6df-ec6d84d72e35",
							"mask": -1
						},
						"Movement": {
							"enabled": true,
							"guid": "613b2079-d7a3-f14d-bc17-1423168acdf4",
							"test": {
								"x": -431602080.0,
								"y": -431602080.0,
								"z": -431602080.0
							}
						},
						"RenderComponent": {
							"enabled": true,
							"guid": "57695f21-53a9-8046-a005-cdf2489da17b",
							"material": "5ccb4100-bada-a44b-836a-bebdd29bf36e",
							"mesh": "e140394d-28c3-1146-9d52-dc10bf347748"
						},
						"TriggerVolumeEnterBehaviour": {
							"enabled": true,
							"guid": "85e9f13b-b643-844e-aabf-8f74707ffe2b"
						}
					},
					"guid": "58013009-82ca-3641-ac7d-8b65ae5db998",
					"hide_in_inspector": false,
					"name": "Table",
					"parent": "9c347e8b-16ac-4f41-b927-892210b157e5",
					"position": {
						"x": 8.0,
						"y": -2.4000000953674316,
						"z": -0.10000000149011612
					},
					"rotation": {
						"w": 0.7308893799781799,
						"x": 0.6810449361801147,
						"y": -0.037845805287361145,
						"z": 0.023371107876300812
					},
					"scale": {
						"x": 1.0,
						"y": 1.399999976158142,
						"z": 1.0
					}
				},
				{
					"children": [],
					"components": {
						"Gameplay::Physics::TriggerVolume": {
							"colliders": [
								{
									"extents": {
										"x": 1.0,
										"y": 1.0,
										"z": 1.0
									},
									"guid": "9044b1d9-4a04-ee4f-a429-1d87c8e37f21",
									"position": {
										"x": 0.0,
										"y": 0.0,
										"z": 0.0
									},
									"rotation": {
										"x": 0.0,
										"y": 0.0,
										"z": 0.0
									},
									"scale": {
										"x": 1.0,
										"y": 1.0,
										"z": 1.0
									},
									"type": "Box"
								}
							],
							"enabled": true,
							"group": 1,
							"guid": "90678f43-5c73-054d-9c99-d33b4cc9491e",
							"mask": -1
						},
						"Movement": {
							"enabled": true,
							"guid": "53541c45-b02c-0046-afb2-d4c915cb4cba",
							"test": {
								"x": -431602080.0,
								"y": -431602080.0,
								"z": -431602080.0
							}
						},
						"RenderComponent": {
							"enabled": true,
							"guid": "ec604249-4952-5c45-a62a-4084a46d6a85",
							"material": "6a9cc4dc-6db9-b943-824e-e4e9632c38ef",
							"mesh": "63c8fb21-1ab9-0144-af09-87fbf1a26338"
						},
						"TriggerVolumeEnterBehaviour": {
							"enabled": true,
							"guid": "e8944125-1cb1-4141-b192-a1f470939838"
						}
					},
					"guid": "7fc7307e-6574-7240-8154-1f33d44c8081",
					"hide_in_inspector": false,
					"name": "Wall",
					"parent": "9c347e8b-16ac-4f41-b927-892210b157e5",
					"position": {
						"x": 6.699999809265137,
						"y": -0.4000000059604645,
						"z": 0.5799999833106995
					},
					"rotation": {
						"w": -0.5043442249298096,
						"x": 0.5684126615524292,
						"y": 0.4206032156944275,
						"z": -0.49561768770217896
					},
					"scale": {
						"x": 1.0,
						"y": -1.5,
						"z": 2.0
					}
				},
				{
					"children": [],
					"components": {
						"Gameplay::Physics::TriggerVolume": {
							"colliders": [
								{
									"extents": {
										"x": 1.0,
										"y": 1.0,
										"z": 1.0
									},
									"guid": "bcce894f-2289-c748-9cc5-bcee9363088b",
									"position": {
										"x": 0.0,
										"y": 0.0,
										"z": 0.0
									},
									"rotation": {
										"x": 0.0,
										"y": 0.0,
										"z": 0.0
									},
									"scale": {
										"x": 1.0,
										"y": 1.0,
										"z": 1.0
									},
									"type": "Box"
								}
							],
							"enabled": true,
							"group": 1,
							"guid": "d9c24b25-4a63-a343-8004-d4db0a805328",
							"mask": -1
						},
						"RenderComponent": {
							"enabled": true,
							"guid": "d341f565-a52c-3048-830d-9f3c70125427",
							"material": "6a9cc4dc-6db9-b943-824e-e4e9632c38ef",
							"mesh": "63c8fb21-1ab9-0144-af09-87fbf1a26338"
						},
						"TriggerVolumeEnterBehaviour": {
							"enabled": true,
							"guid": "a6fe394a-d358-c44a-b96e-9b35536e0935"
						}
					},
					"guid": "3acc7da5-4eff-c94d-af91-b5aed0a41f2c",
					"hide_in_inspector": false,
					"name": "2Wall",
					"parent": "9c347e8b-16ac-4f41-b927-892210b157e5",
					"position": {
						"x": 11.399999618530273,
						"y": -0.4000000059604645,
						"z": 0.5799999833106995
					},
					"rotation": {
						"w": 0.6532815098762512,
						"x": -0.6579045653343201,
						"y": -0.2591554820537567,
						"z": 0.27059802412986755
					},
					"scale": {
						"x": 1.0,
						"y": -1.5,
						"z": 2.0
					}
				},
				{
					"children": [],
					"components": {
						"Gameplay::Physics::TriggerVolume": {
							"colliders": [
								{
									"extents": {
										"x": 1.0,
										"y": 1.0,
										"z": 1.0
									},
									"guid": "53beb4fb-146b-3c4c-8c5e-a16552b7f2a5",
									"position": {
										"x": 0.0,
										"y": 0.0,
										"z": 0.0
									},
									"rotation": {
										"x": 0.0,
										"y": 0.0,
										"z": 0.0
									},
									"scale": {
										"x": 1.0,
										"y": 1.0,
										"z": 1.0
									},
									"type": "Box"
								}
							],
							"enabled": true,
							"group": 1,
							"guid": "d83d320c-687a-bc4a-82e6-0be40d71e3c5",
							"mask": -1
						},
						"RenderComponent": {
							"enabled": true,
							"guid": "fc61b936-0acc-5e41-83ba-b47e97a46cfd",
							"material": "6a9cc4dc-6db9-b943-824e-e4e9632c38ef",
							"mesh": "63c8fb21-1ab9-0144-af09-87fbf1a26338"
						},
						"TriggerVolumeEnterBehaviour": {
							"enabled": true,
							"guid": "f4d48787-f5cd-1e47-bfbd-bbc05df7f826"
						}
					},
					"guid": "f0aaffa0-6e78-2346-aadf-bc81def57a4b",
					"hide_in_inspector": false,
					"name": "3Wall",
					"parent": "9c347e8b-16ac-4f41-b927-892210b157e5",
					"position": {
						"x": 1.100000023841858,
						"y": -0.4000000059604645,
						"z": 0.5799999833106995
					},
					"rotation": {
						"w": 0.08004674315452576,
						"x": -0.09229594469070435,
						"y": -0.7010573148727417,
						"z": 0.7025613784790039
					},
					"scale": {
						"x": 1.0,
						"y": -1.5,
						"z": 1.2000000476837158
					}
				},
				{
					"children": [],
					"components": {
						"Gameplay::Physics::TriggerVolume": {
							"colliders": [
								{
									"extents": {
										"x": 1.0,
										"y": 1.0,
										"z": 1.0
									},
									"guid": "f609ff47-a0e9-2f47-8828-de16ac0e9be8",
									"position": {
										"x": 0.0,
										"y": 0.0,
										"z": 0.0
									},
									"rotation": {
										"x": 0.0,
										"y": 0.0,
										"z": 0.0
									},
									"scale": {
										"x": 1.0,
										"y": 1.0,
										"z": 1.0
									},
									"type": "Box"
								}
							],
							"enabled": true,
							"group": 1,
							"guid": "57d62391-1ff1-1840-98a3-280181b1ac47",
							"mask": -1
						},
						"Movement": {
							"enabled": true,
							"guid": "1993307f-c3d3-cf4c-8eeb-558a6ecd31af",
							"test": {
								"x": -431602080.0,
								"y": -431602080.0,
								"z": -431602080.0
							}
						},
						"RenderComponent": {
							"enabled": true,
							"guid": "1def0c83-30d5-9b4c-9aa1-04abea9fda60",
							"material": "9fe43314-a4a9-c240-9de6-17722ee50b49",
							"mesh": "6d5bf6de-6bda-7d4d-a03d-a6f1764148bc"
						},
						"RotatingBehaviour": {
							"enabled": true,
							"guid": "89d994a9-1bd5-7244-bb6e-b2e48df2a63c",
							"speed": {
								"x": 0.0,
								"y": 0.0,
								"z": 90.0
							}
						},
						"TriggerVolumeEnterBehaviour": {
							"enabled": true,
							"guid": "35d912c8-2b89-664b-8903-bc3efe969e09"
						}
					},
					"guid": "f33df37c-8323-0c4e-994e-b5f7fb949af8",
					"hide_in_inspector": false,
					"name": "Roomba",
					"parent": "9c347e8b-16ac-4f41-b927-892210b157e5",
					"position": {
						"x": 2.0999999046325684,
						"y": -2.0,
						"z": 0.25999999046325684
					},
					"rotation": {
						"w": 0.7066760659217834,
						"x": 0.7061377167701721,
						"y": -0.037007108330726624,
						"z": 0.024677667766809464
					},
					"scale": {
						"x": 0.4699999988079071,
						"y": 0.44999998807907104,
						"z": 0.4000000059604645
					}
				},
				{
					"children": [],
					"components": {
						"Gameplay::Physics::TriggerVolume": {
							"colliders": [
								{
									"extents": {
										"x": 1.0,
										"y": 1.0,
										"z": 1.0
									},
									"guid": "a83c52f7-f12e-8746-9810-0c64b841d452",
									"position": {
										"x": 0.0,
										"y": 0.0,
										"z": 0.0
									},
									"rotation": {
										"x": 0.0,
										"y": 0.0,
										"z": 0.0
									},
									"scale": {
										"x": 1.0,
										"y": 1.0,
										"z": 1.0
									},
									"type": "Box"
								}
							],
							"enabled": true,
							"group": 1,
							"guid": "0e926b45-9068-6741-a437-6708372c0b04",
							"mask": -1
						},
						"Movement": {
							"enabled": true,
							"guid": "ce19725b-4094-9349-b6fa-5ce4a249332c",
							"test": {
								"x": -431602080.0,
								"y": -431602080.0,
								"z": -431602080.0
							}
						},
						"RenderComponent": {
							"enabled": true,
							"guid": "5fb51abb-fa80-2247-8b23-cae2e0c3e031",
							"material": "fce722a8-5e60-fa45-ac5a-028c0b12fe7d",
							"mesh": "a8ffaefa-8d16-5e49-82dc-a09ee1a8f1da"
						},
						"RotatingBehaviour": {
							"enabled": true,
							"guid": "c6782812-689e-2d4d-9c47-bc513a3fc284",
							"speed": {
								"x": 0.0,
								"y": 0.0,
								"z": 70.0
							}
						},
						"TriggerVolumeEnterBehaviour": {
							"enabled": true,
							"guid": "489ac5a8-8e02-854b-ab7a-d8d3ccad28e3"
						}
					},
					"guid": "c9cf2e9f-09d3-454b-b958-86a74e5bff8b",
					"hide_in_inspector": false,
					"name": "Umbrella",
					"parent": "9c347e8b-16ac-4f41-b927-892210b157e5",
					"position": {
						"x": 7.599999904632568,
						"y": -2.5,
						"z": 0.9599999785423279
					},
					"rotation": {
						"w": 0.681389570236206,
						"x": 0.6579045057296753,
						"y": -0.2591554820537567,
						"z": -0.1889660358428955
					},
					"scale": {
						"x": 1.0,
						"y": 1.0,
						"z": 1.0
					}
				},
				{
					"children": [],
					"components": {
						"Gameplay::Physics::TriggerVolume": {
							"colliders": [
								{
									"extents": {
										"x": 1.0,
										"y": 1.0,
										"z": 1.0
									},
									"guid": "ac3436c3-f467-ca4f-9f72-180d24ebc576",
									"position": {
										"x": 0.0,
										"y": 0.0,
										"z": 0.0
									},
									"rotation": {
										"x": 0.0,
										"y": 0.0,
										"z": 0.0
									},
									"scale": {
										"x": 1.0,
										"y": 1.0,
										"z": 1.0
									},
									"type": "Box"
								}
							],
							"enabled": true,
							"group": 1,
							"guid": "d469e8e2-5025-1240-b764-59dc5b458ee7",
							"mask": -1
						},
						"Movement": {
							"enabled": true,
							"guid": "4dfbadab-c5ec-cd47-b32a-94dc20bbbda4",
							"test": {
								"x": -431602080.0,
								"y": -431602080.0,
								"z": -431602080.0
							}
						},
						"RenderComponent": {
							"enabled": true,
							"guid": "877bb7de-f334-2341-a76b-b0e7931b7b18",
							"material": "7be731ea-13dc-1a4a-81c8-1c5462a46c8e",
							"mesh": "65761061-7114-7548-8885-1b501477eaa4"
						},
						"RotatingBehaviour": {
							"enabled": true,
							"guid": "6338b4d1-bd96-f24c-9ff0-42cb1a587176",
							"speed": {
								"x": 90.0,
								"y": 0.0,
								"z": 120.0
							}
						},
						"TriggerVolumeEnterBehaviour": {
							"enabled": true,
							"guid": "299bd76f-0bea-b84b-86c8-90be358e0dcf"
						}
					},
					"guid": "c000c299-dc4d-7946-a395-b629e45fc055",
					"hide_in_inspector": false,
					"name": "Ball",
					"parent": "9c347e8b-16ac-4f41-b927-892210b157e5",
					"position": {
						"x": 5.0,
						"y": -0.5,
						"z": 0.5
					},
					"rotation": {
						"w": 0.677105188369751,
						"x": 0.6567674875259399,
						"y": -0.2620236575603485,
						"z": -0.20378552377223969
					},
					"scale": {
						"x": 0.4000000059604645,
						"y": 0.4000000059604645,
						"z": 0.4000000059604645
					}
				}
			],
			"components": null,
			"guid": "9c347e8b-16ac-4f41-b927-892210b157e5",
			"hide_in_inspector": false,
			"name": "Interactable Objs",
			"parent": "null",
			"position": {
				"x": 0.0,
				"y": 0.0,
				"z": 0.0
			},
			"rotation": {
				"w": 1.0,
				"x": 0.0,
				"y": 0.0,
				"z": 0.0
			},
			"scale": {
				"x": 1.0,
				"y": 1.0,
				"z": 1.0
			}
		},
		{
			"children": [],
			"components": {
				"Gameplay::Physics::RigidBody": {
					"angular_damping": 0.004999999888241291,
					"colliders": [
						{
							"extents": {
								"x": 50.0,
								"y": 50.0,
								"z": 1.0
							},
							"guid": "be3b3737-d635-a44c-83a5-79df379b730b",
							"position": {
								"x": 0.0,
								"y": 0.0,
								"z": -1.0
							},
							"rotation": {
								"x": 0.0,
								"y": 0.0,
								"z": 0.0
							},
							"scale": {
								"x": 1.0,
								"y": 1.0,
								"z": 1.0
							},
							"type": "Box"
						}
					],
					"enabled": true,
					"group": 1,
					"guid": "b11db23d-759d-7c4b-8b7b-0c6f2bcdb10a",
					"linear_damping": 0.0,
					"mask": -1,
					"mass": 1.0,
					"type": "Static"
				},
				"RenderComponent": {
					"enabled": true,
					"guid": "b1638387-1815-c24a-a41d-438c05f71cb2",
					"material": "6a9cc4dc-6db9-b943-824e-e4e9632c38ef",
					"mesh": "8616d7f6-4e2a-ab4f-abf7-4cce842b610c"
				}
			},
			"guid": "0c612c86-0679-ce47-8549-63b50af77364",
			"hide_in_inspector": false,
			"name": "Plane",
			"parent": "null",
			"position": {
				"x": 0.0,
				"y": 0.0,
				"z": 0.0
			},
			"rotation": {
				"w": 1.0,
				"x": 0.0,
				"y": 0.0,
				"z": 0.0
			},
			"scale": {
				"x": 1.0,
				"y": 1.0,
				"z": 1.0
			}
		},
		{
			"children": [],
			"components": {
				"Gameplay::Physics::TriggerVolume": {
					"colliders": [
						{
							"extents": {
								"x": 1.0,
								"y": 1.0,
								"z": 1.0
							},
							"guid": "e099cf5e-1635-934f-8b10-ae6207fe5210",
							"position": {
								"x": 0.0,
								"y": 0.0,
								"z": 0.0
							},
							"rotation": {
								"x": 0.0,
								"y": 0.0,
								"z": 0.0
							},
							"scale": {
								"x": 1.0,
								"y": 1.0,
								"z": 1.0
							},
							"type": "Box"
						}
					],
					"enabled": true,
					"group": 1,
					"guid": "eb81a9ce-20eb-1d4d-85d0-611a5dcb35c0",
					"mask": -1
				},
				"Movement": {
					"enabled": true,
					"guid": "a54a6e04-a213-7341-bbe2-b748ee0e9786",
					"test": {
						"x": -431602080.0,
						"y": -431602080.0,
						"z": -431602080.0
					}
				},
				"RenderComponent": {
					"enabled": true,
					"guid": "053e61d1-ad9a-8f46-8193-17368b944112",
					"material": "5f98105a-8691-1d48-a089-f9b361ca4f25",
					"mesh": "c1cf8b0f-399f-0446-82e2-ccf473d6a7f3"
				},
				"TriggerVolumeEnterBehaviour": {
					"enabled": true,
					"guid": "7095efd3-eed5-9a4d-96d1-51311d9e0a10"
				}
			},
			"guid": "d5a190cf-0456-0e41-8d2c-c45ea5931569",
			"hide_in_inspector": false,
			"name": "Fridge",
			"parent": "9c347e8b-16ac-4f41-b927-892210b157e5",
			"position": {
				"x": 3.0999999046325684,
				"y": -0.6000000238418579,
				"z": 0.4000000059604645
			},
			"rotation": {
				"w": 0.7295721769332886,
				"x": 0.6803370714187622,
				"y": 0.04757380113005638,
				"z": 0.05101665109395981
			},
			"scale": {
				"x": 1.0,
				"y": 1.0,
				"z": 1.0
			}
		},
		{
			"children": [],
			"components": {
				"Gameplay::Physics::TriggerVolume": {
					"colliders": [
						{
							"extents": {
								"x": 1.0,
								"y": 1.0,
								"z": 1.0
							},
							"guid": "0779a2a6-648e-ff41-96a7-18b66c5ef679",
							"position": {
								"x": 0.0,
								"y": 0.0,
								"z": 0.0
							},
							"rotation": {
								"x": 0.0,
								"y": 0.0,
								"z": 0.0
							},
							"scale": {
								"x": 1.0,
								"y": 1.0,
								"z": 1.0
							},
							"type": "Box"
						}
					],
					"enabled": true,
					"group": 1,
					"guid": "d19d04e7-1440-604e-b6df-ec6d84d72e35",
					"mask": -1
				},
				"Movement": {
					"enabled": true,
					"guid": "613b2079-d7a3-f14d-bc17-1423168acdf4",
					"test": {
						"x": -431602080.0,
						"y": -431602080.0,
						"z": -431602080.0
					}
				},
				"RenderComponent": {
					"enabled": true,
					"guid": "57695f21-53a9-8046-a005-cdf2489da17b",
					"material": "5ccb4100-bada-a44b-836a-bebdd29bf36e",
					"mesh": "e140394d-28c3-1146-9d52-dc10bf347748"
				},
				"TriggerVolumeEnterBehaviour": {
					"enabled": true,
					"guid": "85e9f13b-b643-844e-aabf-8f74707ffe2b"
				}
			},
			"guid": "58013009-82ca-3641-ac7d-8b65ae5db998",
			"hide_in_inspector": false,
			"name": "Table",
			"parent": "9c347e8b-16ac-4f41-b927-892210b157e5",
			"position": {
				"x": 8.0,
				"y": -2.4000000953674316,
				"z": -0.10000000149011612
			},
			"rotation": {
				"w": 0.7308893799781799,
				"x": 0.6810449361801147,
				"y": -0.037845805287361145,
				"z": 0.023371107876300812
			},
			"scale": {
				"x": 1.0,
				"y": 1.399999976158142,
				"z": 1.0
			}
		},
		{
			"children": [],
			"components": {
				"Gameplay::Physics::TriggerVolume": {
					"colliders": [
						{
							"extents": {
								"x": 1.0,
								"y": 1.0,
								"z": 1.0
							},
							"guid": "9044b1d9-4a04-ee4f-a429-1d87c8e37f21",
							"position": {
								"x": 0.0,
								"y": 0.0,
								"z": 0.0
							},
							"rotation": {
								"x": 0.0,
								"y": 0.0,
								"z": 0.0
							},
							"scale": {
								"x": 1.0,
								"y": 1.0,
								"z": 1.0
							},
							"type": "Box"
						}
					],
					"enabled": true,
					"group": 1,
					"guid": "90678f43-5c73-054d-9c99-d33b4cc9491e",
					"mask": -1
				},
				"Movement": {
					"enabled": true,
					"guid": "53541c45-b02c-0046-afb2-d4c915cb4cba",
					"test": {
						"x": -431602080.0,
						"y": -431602080.0,
						"z": -431602080.0
					}
				},
				"RenderComponent": {
					"enabled": true,
					"guid": "ec604249-4952-5c45-a62a-4084a46d6a85",
					"material": "6a9cc4dc-6db9-b943-824e-e4e9632c38ef",
					"mesh": "63c8fb21-1ab9-0144-af09-87fbf1a26338"
				},
				"TriggerVolumeEnterBehaviour": {
					"enabled": true,
					"guid": "e8944125-1cb1-4141-b192-a1f470939838"
				}
			},
			"guid": "7fc7307e-6574-7240-8154-1f33d44c8081",
			"hide_in_inspector": false,
			"name": "Wall",
			"parent": "9c347e8b-16ac-4f41-b927-892210b157e5",
			"position": {
				"x": 6.699999809265137,
				"y": -0.4000000059604645,
				"z": 0.5799999833106995
			},
			"rotation": {
				"w": -0.5043442249298096,
				"x": 0.5684126615524292,
				"y": 0.4206032156944275,
				"z": -0.49561768770217896
			},
			"scale": {
				"x": 1.0,
				"y": -1.5,
				"z": 2.0
			}
		},
		{
			"children": [],
			"components": {
				"Gameplay::Physics::TriggerVolume": {
					"colliders": [
						{
							"extents": {
								"x": 1.0,
								"y": 1.0,
								"z": 1.0
							},
							"guid": "bcce894f-2289-c748-9cc5-bcee9363088b",
							"position": {
								"x": 0.0,
								"y": 0.0,
								"z": 0.0
							},
							"rotation": {
								"x": 0.0,
								"y": 0.0,
								"z": 0.0
							},
							"scale": {
								"x": 1.0,
								"y": 1.0,
								"z": 1.0
							},
							"type": "Box"
						}
					],
					"enabled": true,
					"group": 1,
					"guid": "d9c24b25-4a63-a343-8004-d4db0a805328",
					"mask": -1
				},
				"RenderComponent": {
					"enabled": true,
					"guid": "d341f565-a52c-3048-830d-9f3c70125427",
					"material": "6a9cc4dc-6db9-b943-824e-e4e9632c38ef",
					"mesh": "63c8fb21-1ab9-0144-af09-87fbf1a26338"
				},
				"TriggerVolumeEnterBehaviour": {
					"enabled": true,
					"guid": "a6fe394a-d358-c44a-b96e-9b35536e0935"
				}
			},
			"guid": "3acc7da5-4eff-c94d-af91-b5aed0a41f2c",
			"hide_in_inspector": false,
			"name": "2Wall",
			"parent": "9c347e8b-16ac-4f41-b927-892210b157e5",
			"position": {
				"x": 11.399999618530273,
				"y": -0.4000000059604645,
				"z": 0.5799999833106995
			},
			"rotation": {
				"w": 0.6532815098762512,
				"x": -0.6579045653343201,
				"y": -0.2591554820537567,
				"z": 0.27059802412986755
			},
			"scale": {
				"x": 1.0,
				"y": -1.5,
				"z": 2.0
			}
		},
		{
			"children": [],
			"components": {
				"Gameplay::Physics::TriggerVolume": {
					"colliders": [
						{
							"extents": {
								"x": 1.0,
								"y": 1.0,
								"z": 1.0
							},
							"guid": "53beb4fb-146b-3c4c-8c5e-a16552b7f2a5",
							"position": {
								"x": 0.0,
								"y": 0.0,
								"z": 0.0
							},
							"rotation": {
								"x": 0.0,
								"y": 0.0,
								"z": 0.0
							},
							"scale": {
								"x": 1.0,
								"y": 1.0,
								"z": 1.0
							},
							"type": "Box"
						}
					],
					"enabled": true,
					"group": 1,
					"guid": "d83d320c-687a-bc4a-82e6-0be40d71e3c5",
					"mask": -1
				},
				"RenderComponent": {
					"enabled": true,
					"guid": "fc61b936-0acc-5e41-83ba-b47e97a46cfd",
					"material": "6a9cc4dc-6db9-b943-824e-e4e9632c38ef",
					"mesh": "63c8fb21-1ab9-0144-af09-87fbf1a26338"
				},
				"TriggerVolumeEnterBehaviour": {
					"enabled": true,
					"guid": "f4d48787-f5cd-1e47-bfbd-bbc05df7f826"
				}
			},
			"guid": "f0aaffa0-6e78-2346-aadf-bc81def57a4b",
			"hide_in_inspector": false,
			"name": "3Wall",
			"parent": "9c347e8b-16ac-4f41-b927-892210b157e5",
			"position": {
				"x": 1.100000023841858,
				"y": -0.4000000059604645,
				"z": 0.5799999833106995
			},
			"rotation": {
				"w": 0.08004674315452576,
				"x": -0.09229594469070435,
				"y": -0.7010573148727417,
				"z": 0.7025613784790039
			},
			"scale": {
				"x": 1.0,
				"y": -1.5,
				"z": 1.2000000476837158
			}
		},
		{
			"children": [],
			"components": {
				"Gameplay::Physics::TriggerVolume": {
					"colliders": [
						{
							"extents": {
								"x": 1.0,
								"y": 1.0,
								"z": 1.0
							},
							"guid": "f609ff47-a0e9-2f47-8828-de16ac0e9be8",
							"position": {
								"x": 0.0,
								"y": 0.0,
								"z": 0.0
							},
							"rotation": {
								"x": 0.0,
								"y": 0.0,
								"z": 0.0
							},
							"scale": {
								"x": 1.0,
								"y": 1.0,
								"z": 1.0
							},
							"type": "Box"
						}
					],
					"enabled": true,
					"group": 1,
					"guid": "57d62391-1ff1-1840-98a3-280181b1ac47",
					"mask": -1
				},
				"Movement": {
					"enabled": true,
					"guid": "1993307f-c3d3-cf4c-8eeb-558a6ecd31af",
					"test": {
						"x": -431602080.0,
						"y": -431602080.0,
						"z": -431602080.0
					}
				},
				"RenderComponent": {
					"enabled": true,
					"guid": "1def0c83-30d5-9b4c-9aa1-04abea9fda60",
					"material": "9fe43314-a4a9-c240-9de6-17722ee50b49",
					"mesh": "6d5bf6de-6bda-7d4d-a03d-a6f1764148bc"
				},
				"RotatingBehaviour": {
					"enabled": true,
					"guid": "89d994a9-1bd5-7244-bb6e-b2e48df2a63c",
					"speed": {
						"x": 0.0,
						"y": 0.0,
						"z": 90.0
					}
				},
				"TriggerVolumeEnterBehaviour": {
					"enabled": true,
					"guid": "35d912c8-2b89-664b-8903-bc3efe969e09"
				}
			},
			"guid": "f33df37c-8323-0c4e-994e-b5f7fb949af8",
			"hide_in_inspector": false,
			"name": "Roomba",
			"parent": "9c347e8b-16ac-4f41-b927-892210b157e5",
			"position": {
				"x": 2.0999999046325684,
				"y": -2.0,
				"z": 0.25999999046325684
			},
			"rotation": {
				"w": 0.7066760659217834,
				"x": 0.7061377167701721,
				"y": -0.037007108330726624,
				"z": 0.024677667766809464
			},
			"scale": {
				"x": 0.4699999988079071,
				"y": 0.44999998807907104,
				"z": 0.4000000059604645
			}
		},
		{
			"children": [],
			"components": {
				"Gameplay::Physics::TriggerVolume": {
					"colliders": [
						{
							"extents": {
								"x": 1.0,
								"y": 1.0,
								"z": 1.0
							},
							"guid": "a83c52f7-f12e-8746-9810-0c64b841d452",
							"position": {
								"x": 0.0,
								"y": 0.0,
								"z": 0.0
							},
							"rotation": {
								"x": 0.0,
								"y": 0.0,
								"z": 0.0
							},
							"scale": {
								"x": 1.0,
								"y": 1.0,
								"z": 1.0
							},
							"type": "Box"
						}
					],
					"enabled": true,
					"group": 1,
					"guid": "0e926b45-9068-6741-a437-6708372c0b04",
					"mask": -1
				},
				"Movement": {
					"enabled": true,
					"guid": "ce19725b-4094-9349-b6fa-5ce4a249332c",
					"test": {
						"x": -431602080.0,
						"y": -431602080.0,
						"z": -431602080.0
					}
				},
				"RenderComponent": {
					"enabled": true,
					"guid": "5fb51abb-fa80-2247-8b23-cae2e0c3e031",
					"material": "fce722a8-5e60-fa45-ac5a-028c0b12fe7d",
					"mesh": "a8ffaefa-8d16-5e49-82dc-a09ee1a8f1da"
				},
				"RotatingBehaviour": {
					"enabled": true,
					"guid": "c6782812-689e-2d4d-9c47-bc513a3fc284",
					"speed": {
						"x": 0.0,
						"y": 0.0,
						"z": 70.0
					}
				},
				"TriggerVolumeEnterBehaviour": {
					"enabled": true,
					"guid": "489ac5a8-8e02-854b-ab7a-d8d3ccad28e3"
				}
			},
			"guid": "c9cf2e9f-09d3-454b-b958-86a74e5bff8b",
			"hide_in_inspector": false,
			"name": "Umbrella",
			"parent": "9c347e8b-16ac-4f41-b927-892210b157e5",
			"position": {
				"x": 7.599999904632568,
				"y": -2.5,
				"z": 0.9599999785423279
			},
			"rotation": {
				"w": 0.681389570236206,
				"x": 0.6579045057296753,
				"y": -0.2591554820537567,
				"z": -0.1889660358428955
			},
			"scale": {
				"x": 1.0,
				"y": 1.0,
				"z": 1.0
			}
		},
		{
			"children": [],
			"components": {
				"Gameplay::Physics::TriggerVolume": {
					"colliders": [
						{
							"extents": {
								"x": 1.0,
								"y": 1.0,
								"z": 1.0
							},
							"guid": "ac3436c3-f467-ca4f-9f72-180d24ebc576",
							"position": {
								"x": 0.0,
								"y": 0.0,
								"z": 0.0
							},
							"rotation": {
								"x": 0.0,
								"y": 0.0,
								"z": 0.0
							},
							"scale": {
								"x": 1.0,
								"y": 1.0,
								"z": 1.0
							},
							"type": "Box"
						}
					],
					"enabled": true,
					"group": 1,
					"guid": "d469e8e2-5025-1240-b764-59dc5b458ee7",
					"mask": -1
				},
				"Movement": {
					"enabled": true,
					"guid": "4dfbadab-c5ec-cd47-b32a-94dc20bbbda4",
					"test": {
						"x": -431602080.0,
						"y": -431602080.0,
						"z": -431602080.0
					}
				},
				"RenderComponent": {
					"enabled": true,
					"guid": "877bb7de-f334-2341-a76b-b0e7931b7b18",
					"material": "7be731ea-13dc-1a4a-81c8-1c5462a46c8e",
					"mesh": "65761061-7114-7548-8885-1b501477eaa4"
				},
				"RotatingBehaviour": {
					"enabled": true,
					"guid": "6338b4d1-bd96-f24c-9ff0-42cb1a587176",
					"speed": {
						"x": 90.0,
						"y": 0.0,
						"z": 120.0
					}
				},
				"TriggerVolumeEnterBehaviour": {
					"enabled": true,
					"guid": "299bd76f-0bea-b84b-86c8-90be358e0dcf"
				}
			},
			"guid": "c000c299-dc4d-7946-a395-b629e45fc055",
			"hide_in_inspector": false,
			"name": "Ball",
			"parent": "9c347e8b-16ac-4f41-b927-892210b157e5",
			"position": {
				"x": 5.0,
				"y": -0.5,
				"z": 0.5
			},
			"rotation": {
				"w": 0.677105188369751,
				"x": 0.6567674875259399,
				"y": -0.2620236575603485,
				"z": -0.20378552377223969
			},
			"scale": {
				"x": 0.4000000059604645,
				"y": 0.4000000059604645,
				"z": 0.4000000059604645
			}
		},
		{
			"children": [],
			"components": null,
			"guid": "91bb822c-52e0-ea4c-8ea2-4db42cdfce95",
			"hide_in_inspector": false,
			"name": "Demo Parent",
			"parent": "null",
			"position": {
				"x": 0.0,
				"y": 0.0,
				"z": 0.0
			},
			"rotation": {
				"w": 1.0,
				"x": 0.0,
				"y": 0.0,
				"z": 0.0
			},
			"scale": {
				"x": 1.0,
				"y": 1.0,
				"z": 1.0
			}
		},
		{
			"children": [],
			"components": {
				"Gameplay::Physics::TriggerVolume": {
					"colliders": [
						{
							"guid": "e7194351-b34a-b84c-904f-33a465c945fe",
							"half_extents": {
								"x": 3.0,
								"y": 3.0,
								"z": 1.0
							},
							"position": {
								"x": 0.0,
								"y": 0.0,
								"z": 0.5
							},
							"rotation": {
								"x": 0.0,
								"y": 0.0,
								"z": 0.0
							},
							"scale": {
								"x": 1.0,
								"y": 1.0,
								"z": 1.0
							},
							"type": "Cylinder"
						}
					],
					"enabled": true,
					"group": 1,
					"guid": "de7e7da3-a41e-ed49-8767-765fc8d13179",
					"mask": -1
				},
				"TriggerVolumeEnterBehaviour": {
					"enabled": true,
					"guid": "f5d7e783-28b2-bc49-8585-613f6e5e2ba4"
				}
			},
			"guid": "cd2df5ed-5caf-974d-a02e-3aab24947c8e",
			"hide_in_inspector": false,
			"name": "Trigger",
			"parent": "null",
			"position": {
				"x": 0.0,
				"y": 0.0,
				"z": 0.0
			},
			"rotation": {
				"w": 1.0,
				"x": 0.0,
				"y": 0.0,
				"z": 0.0
			},
			"scale": {
				"x": 1.0,
				"y": 1.0,
				"z": 1.0
			}
		}
	],
	"skybox": {
		"mesh": "null",
		"orientation": {
			"w": 0.7071067690849304,
			"x": 0.7071067690849304,
			"y": 0.0,
			"z": 0.0
		},
		"shader": "c329c27a-0ddd-5344-83b2-a5c863188220",
		"texture": "ab123f12-d1c6-474d-9895-bde2eedc23db"
	}
}